step,train_loss,train_accuracy,valid_loss,valid_mean_token_accuracy
1,3.77441,0.41986,,
2,3.75945,0.39407,,
3,3.7153,0.48,,
4,3.85056,0.45742,,
5,3.69449,0.42489,,
6,3.70792,0.42446,,
7,3.44688,0.43813,,
8,3.47942,0.45187,,
9,3.26381,0.48864,,
10,2.93709,0.48708,,
11,2.89676,0.43949,,
12,2.74636,0.5,,
13,2.68935,0.474,,
14,2.51732,0.525,,
15,2.55247,0.49869,,
16,2.20352,0.53814,,
17,2.30192,0.47379,,
18,2.24117,0.49054,,
19,2.05643,0.5378,,
20,2.21009,0.50478,,
21,2.06119,0.52914,,
22,2.02264,0.52723,,
23,2.22719,0.53056,,
24,2.41724,0.45794,,
25,2.06211,0.51069,,
26,1.90696,0.52019,,
27,1.98735,0.51852,,
28,1.95087,0.51979,,
29,1.79497,0.56422,,
30,1.98485,0.51092,,
31,1.92698,0.53627,,
32,1.80151,0.55924,,
33,1.89808,0.56198,,
34,1.80415,0.5612,,
35,1.76772,0.54292,,
36,1.75049,0.54267,,
37,1.74887,0.57108,,
38,1.94867,0.55263,,
39,1.86174,0.54336,,
40,1.82426,0.56471,,
41,1.9186,0.53913,,
42,1.92373,0.56481,,
43,1.85046,0.53147,,
44,1.92441,0.51711,,
45,2.08081,0.5192,,
46,1.82853,0.54133,,
47,1.72207,0.54066,,
48,2.16409,0.51782,,
49,1.83034,0.53741,,
50,1.71706,0.58156,,
51,2.05975,0.47778,,
52,1.88064,0.50754,,
53,1.9715,0.52556,,
54,1.79519,0.57311,,
55,1.64836,0.5525,,
56,1.9232,0.529,,
57,1.75181,0.5553,,
58,1.73466,0.56703,,
59,1.85269,0.54225,,
60,1.92565,0.52589,,
61,1.97071,0.51807,,
62,1.67254,0.5601,,
63,1.99153,0.52529,,
64,1.97109,0.51946,,
65,1.91747,0.56421,,
66,1.86073,0.55876,,
67,1.85503,0.51537,,
68,2.01435,0.49786,,
69,1.80597,0.54015,,
70,1.70949,0.57384,,
71,1.88833,0.51316,,
72,1.78259,0.54132,,
73,2.04805,0.48082,,
74,1.87081,0.50129,,
75,1.65827,0.58667,,
76,1.93688,0.52204,,
77,1.6863,0.57037,,
78,1.89845,0.54818,,
79,1.87137,0.52229,,
80,1.8509,0.53581,,
81,1.48345,0.60453,,
82,1.89118,0.53788,,
83,2.06976,0.52655,,
84,1.80988,0.53435,,
85,1.80721,0.55635,,
86,1.93149,0.52505,,
87,1.7582,0.58808,,
88,1.91261,0.53373,,
89,1.79156,0.56997,,
90,1.76764,0.57315,,
91,1.99771,0.55616,,
92,1.80737,0.54826,,
93,1.85064,0.51372,,
94,1.7778,0.55833,,
95,1.76611,0.58994,,
96,1.72945,0.56416,,
97,1.85992,0.53966,,
98,1.9256,0.50805,,
99,1.86971,0.55916,,
100,1.75453,0.56802,1.8462,0.53862
101,1.73817,0.57583,,
102,1.91599,0.55629,,
103,1.78478,0.55784,,
104,2.18973,0.49472,,
105,1.85513,0.53477,,
106,1.67122,0.56798,,
107,1.94889,0.54058,,
108,1.92969,0.54681,,
109,1.89849,0.53659,,
110,1.752,0.59069,,
111,1.59647,0.58278,,
112,1.8523,0.51916,,
113,1.90696,0.53316,,
114,1.97576,0.53684,,
115,1.738,0.58145,,
116,1.85918,0.53623,,
117,2.07877,0.50575,,
118,1.71168,0.56433,,
119,1.72205,0.57143,,
120,1.84339,0.59302,,
121,1.72482,0.57245,,
122,1.70988,0.54936,,
123,1.71374,0.56156,,
124,1.74546,0.55145,,
125,1.68816,0.56161,,
126,1.63688,0.58519,,
127,1.92396,0.53591,,
128,2.05925,0.50542,,
129,1.79329,0.55922,,
130,1.77029,0.54241,,
131,1.9868,0.54358,,
132,1.83613,0.5531,,
133,1.79419,0.57447,,
134,1.76725,0.55583,,
135,1.79323,0.56854,,
136,1.73404,0.59864,,
137,1.6698,0.58333,,
138,1.7336,0.55946,,
139,1.7214,0.56385,,
140,1.82409,0.50954,,
141,1.8246,0.54106,,
142,1.8014,0.51991,,
143,1.80503,0.5678,,
144,1.85549,0.53488,,
145,1.8945,0.50388,,
146,1.84657,0.54907,,
147,1.75214,0.54011,,
148,1.77598,0.54783,,
149,1.82616,0.55255,,
150,2.01202,0.51676,,
151,1.53302,0.62581,,
152,1.88049,0.54428,,
153,1.82759,0.54741,,
154,1.89042,0.53254,,
155,1.69768,0.5863,,
156,1.90375,0.52807,,
157,1.65755,0.58313,,
158,1.67219,0.58459,,
159,1.98116,0.50935,,
160,1.86317,0.52918,,
161,2.16996,0.52358,,
162,1.77342,0.57246,,
163,1.8438,0.54252,,
164,1.66353,0.57528,,
165,1.87279,0.53769,,
166,1.86077,0.52211,,
167,1.88385,0.56432,,
168,1.77549,0.52886,,
169,1.90653,0.51816,,
170,1.87482,0.52863,,
171,1.87945,0.53407,,
172,2.01853,0.51765,,
173,1.85636,0.53858,,
174,1.83092,0.56881,,
175,1.89396,0.52109,,
176,1.9813,0.52988,,
177,1.91499,0.54177,,
178,1.87573,0.49874,,
179,1.88516,0.54067,,
180,1.66221,0.5613,,
181,1.81204,0.55138,,
182,1.56014,0.59079,,
183,1.64922,0.58266,,
184,1.78284,0.56064,,
185,1.82579,0.52749,,
186,1.63083,0.60071,,
187,1.76405,0.53957,,
188,1.89274,0.52841,,
189,1.78732,0.55991,,
190,1.96515,0.52586,,
191,1.63468,0.56892,,
192,1.70001,0.57,,
193,1.76487,0.52333,,
194,1.9011,0.55556,,
195,1.74139,0.56047,,
196,1.72545,0.57051,,
197,1.81764,0.54667,,
198,1.84884,0.51852,,
199,2.07738,0.52278,,
200,2.06183,0.51441,1.78602,0.5
201,1.91777,0.54025,,
202,1.82487,0.52048,,
203,1.82859,0.53804,,
204,1.83862,0.55063,,
205,1.78962,0.52955,,
206,1.72087,0.57474,,
207,1.72488,0.57474,,
208,1.73892,0.58537,,
209,1.67755,0.56858,,
210,1.80122,0.56376,,
211,1.87541,0.56319,,
212,1.52574,0.60135,,
213,1.48673,0.63389,,
214,1.76519,0.58738,,
215,1.80251,0.58,,
216,1.66046,0.57653,,
217,1.62847,0.60945,,
218,1.75195,0.57393,,
219,1.94308,0.54795,,
220,1.67382,0.58793,,
221,1.71105,0.57214,,
222,1.85194,0.55303,,
223,1.70824,0.56941,,
224,1.90628,0.50627,,
225,1.70665,0.54922,,
226,1.85513,0.55388,,
227,1.56929,0.57991,,
228,1.77886,0.54986,,
229,1.65814,0.60358,,
230,1.84887,0.53885,,
231,1.82493,0.54523,,
232,1.78916,0.56579,,
233,1.62441,0.55708,,
234,1.85595,0.57692,,
235,1.66427,0.58333,,
236,1.9311,0.52956,,
237,1.785,0.54821,,
238,1.97008,0.51508,,
239,1.88438,0.5305,,
240,1.83504,0.53893,,
241,1.54397,0.58641,,
242,1.89814,0.52888,,
243,1.63839,0.58046,,
244,1.85557,0.54943,,
245,1.60201,0.59806,,
246,1.69609,0.57556,,
247,1.99772,0.50358,,
248,1.98138,0.53047,,
249,1.87174,0.51189,,
250,1.59877,0.56739,,
251,1.64229,0.60674,,
252,1.92156,0.53699,,
253,1.92593,0.53264,,
254,1.798,0.53028,,
255,1.74413,0.5726,,
256,1.48294,0.6105,,
257,1.85597,0.51036,,
258,1.60711,0.58356,,
259,1.86857,0.55285,,
260,1.86838,0.53985,,
261,1.83177,0.53234,,
262,1.67022,0.59629,,
263,1.65003,0.56858,,
264,1.99333,0.53582,,
265,1.82197,0.51462,,
266,1.7877,0.57627,,
267,1.69689,0.54795,,
268,1.92779,0.53415,,
269,1.9294,0.50111,,
270,2.01054,0.50097,,
271,1.83716,0.55948,,
272,1.93189,0.54326,,
273,1.88233,0.55506,,
274,1.8866,0.52546,,
275,1.74078,0.59623,,
276,1.81355,0.52911,,
277,1.77546,0.56347,,
278,1.74501,0.59494,,
279,1.73806,0.55556,,
280,1.84935,0.5486,,
281,2.18186,0.51601,,
282,1.75418,0.57546,,
283,1.52831,0.59033,,
284,1.77697,0.58118,,
285,1.86913,0.54902,,
286,1.91164,0.54336,,
287,1.65431,0.59318,,
288,1.84503,0.56529,,
289,1.79732,0.58266,,
290,1.81359,0.54036,,
291,1.81584,0.55376,,
292,1.72442,0.5573,,
293,1.89555,0.53753,,
294,2.07199,0.51889,,
295,1.6515,0.58944,,
296,1.8967,0.52211,,
297,1.83092,0.55164,,
298,1.74478,0.56674,,
299,1.6882,0.54359,,
300,1.68983,0.56854,1.85471,0.52105
301,1.59979,0.58351,,
302,1.8952,0.54187,,
303,1.68762,0.5614,,
304,1.90263,0.57871,,
305,1.67166,0.58269,,
306,2.21071,0.50463,,
307,1.75127,0.54009,,
308,1.74336,0.56982,,
309,1.81284,0.55471,,
310,1.7447,0.56874,,
311,1.6781,0.59833,,
312,1.83069,0.5732,,
313,1.58,0.59529,,
314,1.58351,0.60247,,
315,2.03217,0.53827,,
316,1.92462,0.52225,,
317,1.60053,0.566,,
318,1.8662,0.55076,,
319,1.73503,0.58659,,
320,1.6795,0.55947,,
321,1.66116,0.56888,,
322,1.82295,0.57675,,
323,1.90485,0.55249,,
324,1.72797,0.59137,,
325,1.77148,0.54115,,
326,1.62955,0.57353,,
327,1.77066,0.57796,,
328,1.73331,0.55952,,
329,1.74931,0.57333,,
330,1.9287,0.52488,,
331,1.63905,0.56845,,
332,1.79647,0.592,,
333,1.75231,0.554,,
334,1.84494,0.55866,,
335,1.9592,0.53529,,
336,1.80914,0.56846,,
337,1.68267,0.58367,,
338,1.76559,0.54183,,
339,1.64455,0.59477,,
340,1.77457,0.58191,,
341,1.85384,0.52735,,
342,1.75402,0.5534,,
343,1.71407,0.55508,,
344,1.91364,0.54367,,
345,1.75937,0.55024,,
346,1.87221,0.5383,,
347,1.70196,0.57671,,
348,1.97975,0.55234,,
349,1.63219,0.59895,,
350,1.94752,0.51621,,
351,1.66295,0.58545,,
352,1.78897,0.52709,,
353,1.78386,0.56793,,
354,1.77719,0.54386,,
355,1.91028,0.55556,,
356,1.79363,0.57584,,
357,1.71127,0.58637,,
358,1.77507,0.59188,,
359,1.74743,0.58313,,
360,1.61994,0.5678,,
361,1.64584,0.5732,,
362,1.84603,0.54455,,
363,1.81561,0.55079,,
364,1.73294,0.55856,,
365,1.60901,0.59868,,
366,1.76935,0.58851,,
367,1.75117,0.54601,,
368,1.9157,0.53933,,
369,1.84977,0.56787,,
370,1.94905,0.5,,
371,1.70881,0.56637,,
372,1.8938,0.53361,,
373,1.85815,0.54005,,
374,1.83481,0.56331,,
375,1.66017,0.5697,,
376,1.85367,0.56415,,
377,1.82519,0.53215,,
378,1.76204,0.55269,,
379,1.68209,0.56805,,
380,1.56524,0.60097,,
381,1.79186,0.51972,,
382,1.70689,0.57558,,
383,1.72791,0.54415,,
384,1.47951,0.61803,,
385,1.74261,0.53209,,
386,1.57665,0.58969,,
387,1.76889,0.5792,,
388,1.94715,0.55062,,
389,1.81173,0.5553,,
390,1.79597,0.55531,,
391,1.77202,0.53369,,
392,1.54555,0.63173,,
393,1.55667,0.64,,
394,1.91615,0.56168,,
395,1.72817,0.57865,,
396,1.66049,0.57682,,
397,1.59615,0.59446,,
398,1.69075,0.58072,,
399,1.85077,0.56376,,
400,1.67784,0.55708,2.14168,0.51259
401,1.72335,0.55993,,
402,1.78712,0.54167,,
403,1.64672,0.60686,,
404,1.54524,0.59601,,
405,1.7489,0.55429,,
406,1.74856,0.57642,,
407,1.82594,0.55556,,
408,1.7123,0.58855,,
409,1.86723,0.53134,,
410,1.70395,0.59591,,
411,1.56052,0.59905,,
412,1.94522,0.51748,,
413,1.83409,0.54005,,
414,1.95164,0.53119,,
415,1.86529,0.55992,,
416,1.96477,0.53425,,
417,1.624,0.59633,,
418,1.70481,0.56195,,
419,1.73397,0.55699,,
420,1.8123,0.56857,,
421,1.69903,0.53687,,
422,1.66107,0.55814,,
423,1.78417,0.54593,,
424,1.8201,0.57343,,
425,1.77539,0.54491,,
426,1.63721,0.5847,,
427,1.71018,0.55307,,
428,1.6419,0.55609,,
429,2.11263,0.52431,,
430,1.84372,0.56512,,
431,1.7679,0.52148,,
432,1.63743,0.57666,,
433,1.90124,0.54817,,
434,1.62713,0.57227,,
435,1.7274,0.56728,,
436,1.81132,0.54242,,
437,1.58675,0.57598,,
438,1.46526,0.62438,,
439,1.79664,0.54148,,
440,1.55549,0.58491,,
441,1.79213,0.55224,,
442,1.95095,0.51313,,
443,1.65072,0.57482,,
444,1.7422,0.54728,,
445,1.81799,0.55112,,
446,1.97837,0.51954,,
447,1.66153,0.60131,,
448,1.903,0.56776,,
449,1.77633,0.57181,,
450,1.85174,0.55556,,
451,1.85472,0.54845,,
452,1.8972,0.50957,,
453,1.71048,0.53022,,
454,1.90307,0.5286,,
455,1.79764,0.53996,,
456,2.09949,0.49822,,
457,1.79378,0.54141,,
458,1.87229,0.53363,,
459,1.67005,0.54663,,
460,1.75227,0.57391,,
461,1.64889,0.58333,,
462,1.70807,0.58738,,
463,1.88186,0.54181,,
464,1.67728,0.56768,,
465,1.73531,0.5692,,
466,1.84333,0.55896,,
467,1.58415,0.6063,,
468,1.68876,0.57244,,
469,1.72555,0.55125,,
470,1.86581,0.53978,,
471,1.76517,0.5492,,
472,1.43845,0.63797,,
473,1.77281,0.55392,,
474,1.75632,0.55846,,
475,1.78855,0.51507,,
476,1.83689,0.55453,,
477,1.8869,0.54297,,
478,1.70064,0.55182,,
479,1.79542,0.56595,,
480,1.70447,0.56712,,
481,1.67725,0.57407,,
482,1.93743,0.55166,,
483,1.78058,0.55195,,
484,1.94904,0.51963,,
485,1.61756,0.59404,,
486,1.64713,0.61847,,
487,1.6663,0.58794,,
488,1.79358,0.54965,,
489,1.54182,0.60731,,
490,1.86421,0.53512,,
491,1.74444,0.55462,,
492,1.78711,0.53808,,
493,1.45457,0.62256,,
494,1.81614,0.55877,,
495,1.55548,0.58548,,
496,1.62301,0.5929,,
497,1.86459,0.56456,,
498,1.66205,0.59624,,
499,1.79511,0.5524,,
500,1.84292,0.52451,1.71134,0.53892
501,1.89241,0.53626,,
502,2.05243,0.52772,,
503,1.69402,0.55314,,
504,1.90036,0.51461,,
505,1.47688,0.61929,,
506,1.71919,0.54386,,
507,1.74955,0.54566,,
508,1.78066,0.57598,,
509,1.78194,0.56025,,
510,1.9086,0.51603,,
511,1.94846,0.53889,,
512,1.65001,0.58377,,
513,1.66244,0.57635,,
514,1.81361,0.54479,,
515,1.53295,0.61281,,
516,1.73733,0.5731,,
517,1.94642,0.55097,,
518,1.68291,0.59861,,
519,1.79794,0.54815,,
520,1.70216,0.59227,,
521,1.83529,0.54146,,
522,1.73957,0.57377,,
523,1.73336,0.58209,,
524,1.46482,0.61893,,
525,1.78234,0.58435,,
526,1.79857,0.55769,,
527,1.5325,0.60147,,
528,1.65298,0.56129,,
529,1.64282,0.5908,,
530,1.90017,0.56667,,
531,1.84646,0.50716,,
532,1.88643,0.55595,,
533,1.5897,0.59382,,
534,1.66138,0.58264,,
535,1.68828,0.57714,,
536,1.80446,0.57114,,
537,1.91648,0.54214,,
538,1.72664,0.55338,,
539,1.76871,0.53778,,
540,1.79545,0.55443,,
541,1.78275,0.55256,,
542,1.5454,0.60955,,
543,1.65003,0.57117,,
544,1.8912,0.54487,,
545,1.64496,0.58014,,
546,1.81449,0.58186,,
547,1.91563,0.52016,,
548,1.7456,0.53277,,
549,1.73374,0.56793,,
550,1.69081,0.54863,,
551,1.85065,0.54821,,
552,1.64506,0.59132,,
553,1.73045,0.55412,,
554,1.60193,0.56477,,
555,1.51674,0.59325,,
556,2.00208,0.5283,,
557,1.73736,0.58424,,
558,1.59319,0.59214,,
559,1.67472,0.55952,,
560,1.90808,0.52672,,
561,1.61825,0.56818,,
562,1.83133,0.55727,,
563,1.69637,0.59194,,
564,1.79573,0.54907,,
565,1.56761,0.6025,,
566,1.6385,0.56992,,
567,1.5404,0.57267,,
568,1.71901,0.54989,,
569,1.68845,0.55035,,
570,1.56594,0.56368,,
571,1.56421,0.58787,,
572,1.84533,0.57385,,
573,1.51023,0.60309,,
574,1.65355,0.59777,,
575,1.91535,0.53371,,
576,1.71738,0.58362,,
577,1.82721,0.55495,,
578,1.65079,0.6211,,
579,1.71063,0.60374,,
580,1.72881,0.56,,
581,1.79273,0.53409,,
582,1.6182,0.60778,,
583,1.71267,0.56471,,
584,1.90261,0.53091,,
585,1.65359,0.58333,,
586,1.749,0.56019,,
587,1.86134,0.53506,,
588,1.51876,0.60302,,
589,1.65375,0.57521,,
590,1.86509,0.54991,,
591,1.69838,0.56485,,
592,1.80744,0.56198,,
593,1.71262,0.56613,,
594,1.81937,0.53708,,
595,1.44692,0.58057,,
596,1.69567,0.56202,,
597,1.7538,0.57412,,
598,1.63796,0.58413,,
599,1.80876,0.54478,,
600,1.74982,0.54607,1.60788,0.56623
601,1.76605,0.5277,,
602,1.8123,0.56777,,
603,1.54212,0.59259,,
604,1.79428,0.54271,,
605,1.70796,0.55224,,
606,1.91275,0.54167,,
607,1.92692,0.53761,,
608,1.42126,0.60769,,
609,1.70528,0.58723,,
610,1.8057,0.5478,,
611,1.43294,0.61765,,
612,2.05826,0.52887,,
613,1.83264,0.56786,,
614,1.63316,0.56046,,
615,1.84411,0.53906,,
616,1.63853,0.63415,,
617,1.85178,0.54084,,
618,1.61739,0.57221,,
619,1.66496,0.59919,,
620,1.66462,0.58568,,
621,1.67322,0.5974,,
622,2.01301,0.53793,,
623,1.82897,0.55189,,
624,1.71586,0.56489,,
625,1.62205,0.57231,,
626,1.78891,0.56514,,
627,1.92821,0.55493,,
628,1.75156,0.56459,,
629,1.86969,0.53049,,
630,1.54154,0.58808,,
631,2.05998,0.5649,,
632,1.61481,0.54583,,
633,1.66625,0.57531,,
634,1.69921,0.55656,,
635,1.84682,0.52268,,
636,1.54556,0.575,,
637,1.80193,0.55609,,
638,1.62644,0.55981,,
639,1.75418,0.55478,,
640,1.65651,0.57096,,
641,1.64723,0.58486,,
642,1.81881,0.53832,,
643,1.78341,0.57182,,
644,1.79168,0.56635,,
645,1.71958,0.53081,,
646,1.70971,0.53333,,
647,1.80323,0.54115,,
648,1.744,0.58838,,
649,1.97775,0.51663,,
650,1.99156,0.50624,,
651,1.57174,0.59824,,
652,1.71562,0.55628,,
653,1.93294,0.52208,,
654,1.61483,0.60149,,
655,1.67859,0.58418,,
656,1.91803,0.52846,,
657,1.67615,0.55747,,
658,1.70179,0.55297,,
659,1.73446,0.56,,
660,1.73936,0.56389,,
661,1.96793,0.52282,,
662,1.60662,0.60808,,
663,1.84603,0.54545,,
664,1.68337,0.57293,,
665,1.9773,0.49165,,
666,1.82548,0.55912,,
667,1.92609,0.55936,,
668,1.768,0.53579,,
669,1.82729,0.53066,,
670,1.80026,0.53992,,
671,1.94142,0.56579,,
672,1.77152,0.55869,,
673,1.84532,0.55165,,
674,1.588,0.60391,,
675,1.84156,0.56984,,
676,1.71413,0.56802,,
677,1.7161,0.53776,,
678,1.60898,0.61635,,
679,1.39654,0.60183,,
680,1.37935,0.61399,,
681,1.69719,0.60842,,
682,1.71144,0.5587,,
683,1.57936,0.59412,,
684,1.74696,0.57256,,
685,1.7676,0.58418,,
686,1.67903,0.5787,,
687,1.52571,0.58807,,
688,1.61335,0.6088,,
689,1.83673,0.55026,,
690,1.82972,0.54132,,
691,1.63453,0.58114,,
692,1.80588,0.57653,,
693,1.88087,0.51944,,
694,1.78392,0.54135,,
695,1.73975,0.56566,,
696,1.64276,0.5805,,
697,1.81219,0.55467,,
698,1.97391,0.51195,,
699,1.68876,0.58298,,
700,1.68649,0.59439,1.91087,0.52542
701,1.68984,0.59836,,
702,1.80285,0.53465,,
703,1.79079,0.56782,,
704,1.63877,0.56752,,
705,1.71569,0.5537,,
706,1.72384,0.54839,,
707,1.78098,0.5446,,
708,2.08158,0.52816,,
709,1.5492,0.57789,,
710,1.62817,0.59497,,
711,1.74015,0.53829,,
712,1.73407,0.5625,,
713,1.96174,0.52727,,
714,1.83004,0.55485,,
715,1.76466,0.56744,,
716,1.58691,0.5599,,
717,1.95537,0.52664,,
718,1.47715,0.58586,,
719,1.73183,0.5468,,
720,1.86707,0.55349,,
721,1.8254,0.54624,,
722,1.66009,0.57143,,
723,1.83097,0.56464,,
724,1.8092,0.5756,,
725,1.62941,0.55138,,
726,1.68133,0.58073,,
727,1.85496,0.53416,,
728,1.87324,0.54237,,
729,1.6683,0.59173,,
730,1.7977,0.55324,,
731,1.66146,0.55738,,
732,1.80082,0.55204,,
733,1.76624,0.53571,,
734,1.59925,0.59169,,
735,1.6622,0.56867,,
736,1.6702,0.58447,,
737,1.94819,0.53211,,
738,1.85555,0.58537,,
739,1.68104,0.58853,,
740,1.84467,0.55841,,
741,1.91451,0.56204,,
742,1.70988,0.55299,,
743,1.76644,0.57766,,
744,1.685,0.57011,,
745,1.48498,0.59174,,
746,1.87146,0.53805,,
747,1.69209,0.59082,,
748,1.83007,0.54934,,
749,1.79137,0.56272,,
750,1.84106,0.54372,,
751,1.86009,0.53501,,
752,1.92635,0.52663,,
753,1.98475,0.51134,,
754,1.88597,0.55944,,
755,1.85373,0.5442,,
756,1.7137,0.58886,,
757,1.93959,0.53488,,
758,1.67893,0.5644,,
759,1.91333,0.52185,,
760,1.67323,0.55882,,
761,1.78626,0.56511,,
762,1.71309,0.56784,,
763,1.7807,0.56757,,
764,1.83138,0.55654,,
765,1.98465,0.515,,
766,1.90074,0.5525,,
767,1.80961,0.53066,,
768,1.98824,0.5625,,
769,1.71696,0.56979,,
770,1.86854,0.58038,,
771,1.82472,0.5303,,
772,1.87366,0.57245,,
773,1.97497,0.52506,,
774,1.74841,0.55288,,
775,1.90266,0.53462,,
776,1.95024,0.55076,,
777,1.89389,0.54831,,
778,1.81631,0.58199,,
779,1.78824,0.54786,,
780,1.88047,0.54369,,
781,1.8388,0.55425,,
782,1.76926,0.56651,,
783,1.94075,0.52487,,
784,1.65475,0.57881,,
785,1.81849,0.528,,
786,1.8685,0.52672,,
787,1.96714,0.5188,,
788,1.87221,0.53507,,
789,1.685,0.57522,,
790,1.54916,0.60366,,
791,1.75206,0.56735,,
792,1.66766,0.58607,,
793,1.7671,0.57287,,
794,1.66238,0.58252,,
795,1.82221,0.55882,,
796,1.9658,0.50739,,
797,1.77827,0.54299,,
798,2.09238,0.52041,,
799,1.78439,0.56356,,
800,1.56456,0.60606,1.722,0.5877
801,1.54663,0.59542,,
802,1.66689,0.57252,,
803,1.82858,0.53191,,
804,1.9037,0.55107,,
805,1.64853,0.57652,,
806,1.64886,0.5823,,
807,1.67277,0.57432,,
808,1.69706,0.57357,,
809,1.70055,0.57623,,
810,1.86502,0.53731,,
811,1.90132,0.53799,,
812,1.82216,0.54568,,
813,1.75552,0.57722,,
814,1.65207,0.57079,,
815,1.58997,0.58696,,
816,1.82621,0.55556,,
817,1.77357,0.56427,,
818,1.90909,0.5267,,
819,1.66018,0.55833,,
820,1.92642,0.5299,,
821,1.82106,0.54605,,
822,1.70392,0.58246,,
823,1.58146,0.59447,,
824,2.00044,0.53092,,
825,1.73922,0.57522,,
826,1.73199,0.53648,,
827,1.70424,0.56492,,
828,1.65272,0.59927,,
829,1.66643,0.58156,,
830,1.96124,0.51128,,
831,1.83417,0.53725,,
832,1.69417,0.57176,,
833,1.57666,0.56368,,
834,1.76337,0.53362,,
835,1.86798,0.5431,,
836,1.5737,0.6063,,
837,1.80804,0.58498,,
838,1.7446,0.59889,,
839,1.60945,0.56909,,
840,1.66516,0.56171,,
841,1.90189,0.54064,,
842,1.80348,0.57197,,
843,1.73151,0.58333,,
844,1.71596,0.57092,,
845,1.84212,0.58316,,
846,1.52509,0.60784,,
847,1.87777,0.54598,,
848,1.64939,0.5895,,
849,1.8944,0.54948,,
850,1.81803,0.54632,,
851,1.79887,0.57171,,
852,1.85523,0.54717,,
853,1.62598,0.58333,,
854,1.74391,0.53333,,
855,1.76241,0.57672,,
856,1.77618,0.54286,,
857,1.84937,0.51549,,
858,1.6955,0.55556,,
859,1.80454,0.55388,,
860,1.72798,0.58884,,
861,1.77486,0.58551,,
862,1.75056,0.5814,,
863,1.7316,0.56892,,
864,1.69557,0.56825,,
865,1.72681,0.55827,,
866,1.61178,0.5766,,
867,1.91729,0.53045,,
868,1.79369,0.56069,,
869,1.7979,0.60407,,
870,1.92344,0.53828,,
871,1.59905,0.60427,,
872,1.65308,0.56132,,
873,1.76291,0.5543,,
874,1.73583,0.5594,,
875,1.75304,0.53992,,
876,1.75957,0.54768,,
877,1.75442,0.57821,,
878,1.73335,0.56391,,
879,1.87693,0.54957,,
880,1.84937,0.5721,,
881,1.79355,0.52669,,
882,1.94396,0.54858,,
883,1.66365,0.57107,,
884,1.75388,0.55396,,
885,1.97162,0.54208,,
886,2.01771,0.55365,,
887,1.88142,0.53728,,
888,1.72236,0.59914,,
889,1.8274,0.56338,,
890,1.78401,0.57477,,
891,1.76868,0.57033,,
892,1.70484,0.55842,,
893,1.77181,0.56093,,
894,1.57497,0.60544,,
895,1.77114,0.54695,,
896,1.80093,0.54639,,
897,1.77735,0.59394,,
898,1.87335,0.54153,,
899,1.80121,0.54669,,
900,1.79312,0.55982,1.9456,0.54195
901,1.75777,0.558,,
902,1.47257,0.60945,,
903,1.67803,0.5402,,
904,1.7046,0.59008,,
905,1.59606,0.61002,,
906,1.50793,0.56972,,
907,1.64412,0.58439,,
908,1.7703,0.57895,,
909,1.65146,0.5675,,
910,1.6975,0.56629,,
911,1.71342,0.59102,,
912,1.70568,0.55441,,
913,1.75037,0.54484,,
914,1.98854,0.52913,,
915,1.55067,0.56906,,
916,1.84164,0.51581,,
917,1.74605,0.55116,,
918,1.72666,0.58269,,
919,1.96978,0.50467,,
920,1.77299,0.55626,,
921,1.76514,0.55106,,
922,2.08774,0.51235,,
923,1.66141,0.59234,,
924,1.84305,0.53811,,
925,1.74117,0.58522,,
926,1.87554,0.53372,,
927,1.72179,0.54699,,
928,1.98394,0.55634,,
929,1.81529,0.53077,,
930,1.66361,0.59233,,
931,1.75109,0.57616,,
932,1.83239,0.53689,,
933,1.72505,0.56477,,
934,1.69356,0.5359,,
935,1.64407,0.59016,,
936,1.76062,0.56161,,
937,1.99682,0.54201,,
938,1.66814,0.57106,,
939,1.94042,0.53893,,
940,1.75819,0.55009,,
941,1.8045,0.5615,,
942,1.62861,0.58436,,
943,1.5383,0.58968,,
944,1.81112,0.55711,,
945,1.77848,0.56982,,
946,1.69415,0.60544,,
947,1.66223,0.58886,,
948,1.711,0.57895,,
949,1.66145,0.57068,,
950,1.79406,0.54639,,
951,1.67282,0.54329,,
952,1.50351,0.57275,,
953,1.83359,0.55908,,
954,1.93685,0.53187,,
955,1.75347,0.5154,,
956,1.631,0.58915,,
957,1.96566,0.52058,,
958,1.57943,0.60224,,
959,1.69417,0.57447,,
960,1.69674,0.54054,,
961,1.66421,0.58438,,
962,1.70486,0.54148,,
963,1.90931,0.53862,,
964,1.68296,0.58659,,
965,1.58815,0.5843,,
966,1.89129,0.56277,,
967,1.62796,0.58565,,
968,1.615,0.59343,,
969,1.94265,0.52621,,
970,1.88586,0.55172,,
971,1.68864,0.57528,,
972,1.80306,0.57516,,
973,1.87209,0.56295,,
974,1.60504,0.58357,,
975,1.82072,0.53877,,
976,1.73111,0.56405,,
977,1.6989,0.56546,,
978,1.72647,0.56164,,
979,1.72124,0.55738,,
980,1.65268,0.57254,,
981,1.81798,0.55927,,
982,1.57124,0.57367,,
983,1.60546,0.595,,
984,1.68356,0.58477,,
985,1.47344,0.60599,,
986,1.67697,0.53988,,
987,2.15867,0.50115,,
988,1.59413,0.59124,,
989,1.58363,0.58491,,
990,1.85176,0.55929,,
991,1.66091,0.56319,,
992,1.86705,0.52665,,
993,1.69814,0.58769,,
994,1.8068,0.5677,,
995,1.5724,0.60858,,
996,1.7596,0.55864,,
997,1.88395,0.52961,,
998,1.7157,0.55769,,
999,1.76026,0.5613,,
1000,2.0003,0.5305,2.06997,0.51669
1001,1.659,0.57292,,
1002,1.71731,0.55576,,
1003,1.6159,0.57865,,
1004,1.69371,0.56434,,
1005,2.02933,0.51862,,
1006,1.67661,0.54853,,
1007,1.67167,0.57143,,
1008,1.67409,0.56566,,
1009,1.63434,0.58156,,
1010,2.0697,0.53514,,
1011,1.92877,0.55607,,
1012,1.75403,0.54386,,
1013,1.85103,0.55857,,
1014,1.67338,0.57216,,
1015,1.69656,0.58392,,
1016,1.78227,0.57605,,
1017,1.75192,0.56716,,
1018,1.66371,0.59278,,
1019,1.70181,0.57757,,
1020,1.71605,0.56119,,
1021,1.78109,0.52865,,
1022,1.7971,0.54945,,
1023,1.70508,0.53528,,
1024,1.9231,0.55275,,
1025,1.44859,0.60567,,
1026,1.77786,0.55589,,
1027,1.87861,0.54507,,
1028,1.92367,0.53524,,
1029,1.7663,0.56034,,
1030,1.77967,0.56719,,
1031,1.71696,0.54455,,
1032,1.83369,0.55495,,
1033,1.65452,0.57806,,
1034,1.58319,0.58133,,
1035,1.70835,0.58392,,
1036,1.74177,0.53535,,
1037,1.56272,0.57459,,
1038,1.65054,0.61159,,
1039,1.71067,0.57908,,
1040,2.0202,0.51708,,
1041,1.85264,0.50575,,
1042,1.86603,0.56842,,
1043,1.81693,0.56385,,
1044,1.83752,0.55021,,
1045,1.77063,0.54651,,
1046,1.76243,0.56047,,
1047,1.69799,0.57568,,
1048,1.58716,0.6,,
1049,1.70752,0.57353,,
1050,1.60808,0.6105,,
1051,1.77254,0.56919,,
1052,1.65576,0.57968,,
1053,1.76602,0.56137,,
1054,1.79096,0.60086,,
1055,1.80902,0.54312,,
1056,1.96685,0.53211,,
1057,1.67373,0.5936,,
1058,1.57227,0.58656,,
1059,1.81175,0.56222,,
1060,1.85755,0.52745,,
1061,1.58412,0.58993,,
1062,1.84611,0.52802,,
1063,1.83807,0.55263,,
1064,1.5748,0.56674,,
1065,1.78436,0.55134,,
1066,1.77384,0.57751,,
1067,1.70103,0.56506,,
1068,1.75026,0.54569,,
1069,1.7323,0.5636,,
1070,1.54315,0.61125,,
1071,1.71429,0.60817,,
1072,1.70728,0.58998,,
1073,1.74468,0.57589,,
1074,1.7096,0.56274,,
1075,1.78455,0.54923,,
1076,1.63474,0.56503,,
1077,1.74323,0.5852,,
1078,1.77158,0.56608,,
1079,1.85253,0.56955,,
1080,1.71224,0.55013,,
1081,1.89672,0.54273,,
1082,1.66658,0.58808,,
1083,2.01444,0.49269,,
1084,1.92806,0.54863,,
1085,1.76493,0.54139,,
1086,1.81369,0.57466,,
1087,1.73527,0.56709,,
1088,1.86221,0.55116,,
1089,1.85637,0.56674,,
1090,1.81172,0.51453,,
1091,1.82089,0.52998,,
1092,1.69713,0.58865,,
1093,1.86111,0.52758,,
1094,1.80302,0.54105,,
1095,1.83652,0.54867,,
1096,1.78853,0.55342,,
1097,1.66792,0.55645,,
1098,1.77827,0.56178,,
1099,1.95916,0.51824,,
1100,1.79433,0.55248,2.03809,0.55088
1101,1.66109,0.57895,,
1102,1.84837,0.56614,,
1103,1.74778,0.5494,,
1104,1.78378,0.55639,,
1105,1.75802,0.5601,,
1106,1.64537,0.59071,,
1107,1.86366,0.53349,,
1108,1.78281,0.54043,,
1109,1.78373,0.55165,,
1110,1.71581,0.55609,,
1111,1.57488,0.60558,,
1112,1.76272,0.57175,,
1113,1.49651,0.60934,,
1114,1.87174,0.5569,,
1115,1.90503,0.52785,,
1116,1.70637,0.56009,,
1117,2.03411,0.47368,,
1118,1.55778,0.59786,,
1119,1.79809,0.58793,,
1120,1.71971,0.59591,,
1121,1.97169,0.53498,,
1122,1.58826,0.54937,,
1123,1.58958,0.6,,
1124,1.96478,0.52269,,
1125,1.59042,0.60436,,
1126,1.75543,0.55607,,
1127,1.80735,0.56371,,
1128,1.73436,0.56497,,
1129,1.64315,0.62,,
1130,1.83007,0.54916,,
1131,1.79087,0.53418,,
1132,1.93084,0.50701,,
1133,1.80258,0.56184,,
1134,1.92757,0.54221,,
1135,1.73186,0.54937,,
1136,1.71446,0.55936,,
1137,1.79032,0.56599,,
1138,1.60629,0.58985,,
1139,1.75781,0.544,,
1140,1.72966,0.56222,,
1141,1.89062,0.52459,,
1142,2.1167,0.50943,,
1143,1.68563,0.59045,,
1144,1.86536,0.56331,,
1145,1.73728,0.54567,,
1146,1.80591,0.56927,,
1147,1.80852,0.55258,,
1148,1.74088,0.54108,,
1149,1.86658,0.5377,,
1150,1.83206,0.54599,,
1151,1.81083,0.54564,,
1152,1.84905,0.54327,,
1153,1.90726,0.56145,,
1154,1.83366,0.55109,,
1155,1.71084,0.56706,,
1156,1.7097,0.5902,,
1157,1.56564,0.62108,,
1158,1.72409,0.57093,,
1159,1.72563,0.56112,,
1160,1.72608,0.54494,,
1161,1.74147,0.57208,,
1162,1.741,0.56171,,
1163,1.74499,0.58129,,
1164,1.63416,0.59584,,
1165,1.57041,0.58333,,
1166,1.78296,0.58034,,
1167,1.95289,0.56874,,
1168,1.58634,0.59259,,
1169,1.88118,0.54989,,
1170,1.93319,0.51134,,
1171,1.8361,0.52941,,
1172,1.81386,0.57538,,
1173,1.72882,0.55942,,
1174,1.75663,0.56743,,
1175,1.87706,0.55249,,
1176,1.88689,0.54607,,
1177,1.64249,0.55338,,
1178,1.70764,0.54121,,
1179,1.88946,0.56596,,
1180,1.84777,0.55476,,
1181,1.76663,0.58167,,
1182,1.85787,0.54217,,
1183,1.58334,0.5684,,
1184,1.82445,0.54592,,
1185,1.69272,0.58473,,
1186,2.04564,0.52972,,
1187,1.51558,0.59591,,
1188,1.85286,0.55411,,
1189,1.78404,0.54195,,
1190,1.67896,0.57829,,
1191,1.88648,0.56456,,
1192,1.84418,0.55315,,
1193,1.8167,0.52581,,
1194,1.73779,0.57796,,
1195,1.96458,0.51943,,
1196,1.66528,0.57584,,
1197,1.69808,0.58212,,
1198,1.62119,0.57177,,
1199,1.93287,0.53556,,
1200,1.82484,0.566,2.02497,0.4833
1201,1.71424,0.5902,,
1202,1.73917,0.55269,,
1203,1.54987,0.6027,,
1204,1.5365,0.60218,,
1205,1.69653,0.59184,,
1206,1.84722,0.54462,,
1207,1.57445,0.61559,,
1208,1.61476,0.57692,,
1209,1.47124,0.62562,,
1210,1.92453,0.53037,,
1211,1.85123,0.51169,,
1212,1.75083,0.55292,,
1213,1.79888,0.5515,,
1214,1.76148,0.57373,,
1215,1.88115,0.52653,,
1216,1.81883,0.53898,,
1217,1.86572,0.49361,,
1218,1.66405,0.56739,,
1219,1.78689,0.55416,,
1220,1.61537,0.59868,,
1221,1.76209,0.53806,,
1222,2.04445,0.49419,,
1223,1.58652,0.58568,,
1224,1.69176,0.55248,,
1225,1.71222,0.58745,,
1226,1.88119,0.51008,,
1227,1.57216,0.57727,,
1228,1.66034,0.59804,,
1229,1.97032,0.51656,,
1230,1.57104,0.61741,,
1231,1.91781,0.50914,,
1232,1.74851,0.56926,,
1233,1.78098,0.57883,,
1234,1.66141,0.57349,,
1235,1.55156,0.59719,,
1236,1.75218,0.57791,,
1237,1.78059,0.5969,,
1238,1.87321,0.55993,,
1239,1.74855,0.56126,,
1240,1.99033,0.51306,,
1241,1.95036,0.51434,,
1242,1.70654,0.58784,,
1243,1.88654,0.54397,,
1244,1.88821,0.54795,,
1245,1.68643,0.62028,,
1246,1.68254,0.58937,,
1247,1.83262,0.52564,,
1248,1.75148,0.57471,,
1249,1.86976,0.53704,,
1250,1.60326,0.56701,,
1251,1.67744,0.5625,,
1252,1.8549,0.55204,,
1253,1.93216,0.5283,,
1254,1.93637,0.55,,
1255,1.74587,0.53586,,
1256,1.74063,0.54159,,
1257,1.66158,0.57569,,
1258,1.99552,0.5,,
1259,1.72822,0.57016,,
1260,1.6268,0.56164,,
1261,1.88132,0.54244,,
1262,2.00725,0.52703,,
1263,1.66635,0.58658,,
1264,1.72664,0.55444,,
1265,1.88328,0.52475,,
1266,1.61341,0.57701,,
1267,2.00976,0.51959,,
1268,1.91931,0.54107,,
1269,1.68167,0.59629,,
1270,1.88147,0.53636,,
1271,1.75081,0.55991,,
1272,1.67543,0.55639,,
1273,1.89102,0.53388,,
1274,1.72382,0.58777,,
1275,1.74165,0.55614,,
1276,1.74251,0.56164,,
1277,2.08781,0.53992,,
1278,1.85994,0.51724,,
1279,1.60185,0.59823,,
1280,1.68188,0.55158,,
1281,1.73802,0.55263,,
1282,1.65593,0.57568,,
1283,1.5714,0.56957,,
1284,1.59344,0.60442,,
1285,1.67295,0.58209,,
1286,1.69126,0.58691,,
1287,1.73433,0.54906,,
1288,1.84303,0.56891,,
1289,1.91067,0.52057,,
1290,1.78072,0.51581,,
1291,1.88039,0.57082,,
1292,1.85449,0.54326,,
1293,1.69382,0.57835,,
1294,1.98032,0.52732,,
1295,1.60745,0.587,,
1296,1.63074,0.58706,,
1297,1.54015,0.5843,,
1298,1.72225,0.57542,,
1299,1.7986,0.56449,,
1300,1.697,0.57044,1.87917,0.51236
1301,1.8441,0.56473,,
1302,1.70267,0.58283,,
1303,1.67593,0.58388,,
1304,1.53283,0.59346,,
1305,1.95197,0.52632,,
1306,1.62731,0.56381,,
1307,1.87507,0.53347,,
1308,1.85003,0.56388,,
1309,1.95225,0.52668,,
1310,1.65452,0.58005,,
1311,1.79296,0.55581,,
1312,1.58092,0.60714,,
1313,1.55695,0.57072,,
1314,1.54728,0.59013,,
1315,1.74705,0.57306,,
1316,1.63884,0.58495,,
1317,1.70715,0.5232,,
1318,1.65524,0.55228,,
1319,1.7558,0.58897,,
1320,1.7507,0.56876,,
1321,1.50153,0.60784,,
1322,1.84858,0.54737,,
1323,1.6773,0.58738,,
1324,1.62017,0.58135,,
1325,1.88614,0.56164,,
1326,1.83009,0.55252,,
1327,1.8631,0.5175,,
1328,1.87777,0.55394,,
1329,1.97355,0.53458,,
1330,1.73302,0.56695,,
1331,1.80326,0.57606,,
1332,1.75717,0.55663,,
1333,1.66182,0.56436,,
1334,1.81975,0.56498,,
1335,1.84249,0.54762,,
1336,1.92015,0.53333,,
1337,1.82616,0.54167,,
1338,1.89146,0.53111,,
1339,1.41124,0.60983,,
1340,1.82947,0.54247,,
1341,1.69141,0.53672,,
1342,1.83582,0.55163,,
1343,1.88621,0.57373,,
1344,1.89537,0.52688,,
1345,1.75473,0.56477,,
1346,1.95284,0.52843,,
1347,1.84433,0.52785,,
1348,1.73802,0.55955,,
1349,1.66234,0.58457,,
1350,1.93758,0.5054,,
1351,1.6141,0.59116,,
1352,1.76802,0.56022,,
1353,1.60753,0.58768,,
1354,1.76746,0.58411,,
1355,1.732,0.56308,,
1356,1.57055,0.58217,,
1357,1.86926,0.54318,,
1358,1.66116,0.56659,,
1359,1.77569,0.54312,,
1360,2.08455,0.53933,,
1361,1.70933,0.55283,,
1362,1.7798,0.58151,,
1363,1.69637,0.55869,,
1364,1.60763,0.57035,,
1365,1.75426,0.5636,,
1366,1.82143,0.54217,,
1367,1.8139,0.57783,,
1368,1.78281,0.53086,,
1369,1.69555,0.53902,,
1370,1.72836,0.5827,,
1371,1.67593,0.58678,,
1372,1.83658,0.52296,,
1373,1.69726,0.56639,,
1374,1.77713,0.55556,,
1375,1.41693,0.6,,
1376,1.74975,0.52352,,
1377,1.57364,0.5657,,
1378,1.68792,0.58435,,
1379,1.87064,0.5262,,
1380,1.86593,0.53875,,
1381,1.66298,0.5668,,
1382,1.4953,0.62274,,
1383,1.84636,0.56416,,
1384,1.64549,0.57558,,
1385,1.70429,0.56998,,
1386,1.79847,0.54656,,
1387,1.71521,0.53989,,
1388,1.56825,0.59375,,
1389,1.55336,0.57256,,
1390,1.78008,0.60221,,
1391,1.81243,0.54088,,
1392,1.93048,0.51927,,
1393,1.8788,0.51873,,
1394,1.57475,0.59121,,
1395,1.67257,0.59009,,
1396,1.71908,0.56613,,
1397,1.56892,0.5995,,
1398,1.55109,0.59174,,
1399,1.68691,0.55325,,
1400,1.74552,0.56351,2.0043,0.51829
1401,1.77258,0.60411,,
1402,1.80035,0.55794,,
1403,1.62846,0.55051,,
1404,1.73773,0.55611,,
1405,1.584,0.58867,,
1406,1.75118,0.55128,,
1407,1.65852,0.59798,,
1408,1.70592,0.56659,,
1409,1.96069,0.51358,,
1410,1.91367,0.50207,,
1411,1.776,0.55024,,
1412,1.89237,0.54273,,
1413,1.88923,0.57171,,
1414,1.75194,0.53991,,
1415,1.83086,0.55977,,
1416,1.72563,0.57143,,
1417,1.81488,0.56472,,
1418,1.69041,0.55708,,
1419,1.80417,0.54713,,
1420,1.71927,0.56061,,
1421,1.63698,0.58195,,
1422,1.93607,0.54298,,
1423,1.79773,0.60152,,
1424,1.72157,0.57258,,
1425,1.71849,0.56742,,
1426,1.80117,0.55513,,
1427,1.87136,0.5428,,
1428,1.65124,0.60289,,
1429,1.79566,0.54503,,
1430,1.52793,0.56863,,
1431,1.64091,0.59926,,
1432,1.83733,0.53364,,
1433,1.81538,0.5662,,
1434,1.71317,0.56911,,
1435,2.06322,0.53222,,
1436,1.61269,0.59847,,
1437,1.63404,0.5674,,
1438,1.78889,0.55902,,
1439,1.70864,0.56642,,
1440,1.83567,0.54948,,
1441,1.76153,0.56806,,
1442,1.85323,0.55528,,
1443,1.96975,0.50919,,
1444,1.8072,0.56731,,
1445,1.78491,0.58954,,
1446,1.90707,0.55054,,
1447,1.59374,0.57519,,
1448,1.65353,0.58988,,
1449,1.85981,0.52968,,
1450,1.88842,0.54084,,
1451,1.73347,0.57085,,
1452,1.6244,0.57778,,
1453,1.9235,0.53521,,
1454,1.69913,0.57227,,
1455,1.73957,0.56948,,
1456,1.70894,0.56703,,
1457,1.704,0.57301,,
1458,1.76325,0.56009,,
1459,1.64286,0.5537,,
1460,1.79061,0.55145,,
1461,1.842,0.55276,,
1462,1.94015,0.55053,,
1463,1.64741,0.59241,,
1464,1.81631,0.54529,,
1465,1.83703,0.54637,,
1466,1.80603,0.53445,,
1467,1.60251,0.57101,,
1468,1.82848,0.53982,,
1469,1.8055,0.57058,,
1470,2.02653,0.52941,,
1471,1.61139,0.58705,,
1472,1.6752,0.6,,
1473,1.83714,0.54444,,
1474,1.72262,0.54751,,
1475,1.85089,0.52575,,
1476,1.88624,0.54352,,
1477,1.79214,0.53827,,
1478,1.69726,0.58255,,
1479,1.88144,0.5495,,
1480,1.67408,0.56824,,
1481,1.50894,0.61882,,
1482,1.54752,0.59834,,
1483,1.60878,0.59694,,
1484,1.8586,0.5534,,
1485,1.75069,0.59132,,
1486,1.60002,0.566,,
1487,2.14825,0.5076,,
1488,1.80596,0.55859,,
1489,1.78893,0.56629,,
1490,1.58392,0.58186,,
1491,1.58156,0.575,,
1492,1.92623,0.55083,,
1493,1.64952,0.55703,,
1494,1.82271,0.53795,,
1495,1.7136,0.5494,,
1496,1.81177,0.55686,,
1497,1.89728,0.51887,,
1498,1.85267,0.54439,,
1499,1.57876,0.60724,,
1500,1.81065,0.55576,1.72361,0.53394
1501,2.15387,0.50459,,
1502,1.75317,0.59211,,
1503,1.93545,0.57432,,
